,avg_age,credit_score,avg_majr_viol,avg_minr_viol,veh_cnt
avg_age,1.0,0.025561851491057802,0.001230993484846223,-0.005236046877114701,0.05722619158536187
credit_score,0.025561851491057802,1.0,-0.019583689845267423,-0.005010157320852211,0.06447063823875662
avg_majr_viol,0.001230993484846223,-0.019583689845267423,1.0,0.011019382721507433,-0.009998368971273404
avg_minr_viol,-0.005236046877114701,-0.005010157320852211,0.011019382721507433,1.0,-0.025721297655345293
veh_cnt,0.05722619158536187,0.06447063823875662,-0.009998368971273404,-0.025721297655345293,1.0
